Cluster_name,Nanobody_id,Label,pred_label,pred_score,Sequence,CDR1,CDR2,CDR3,CDR1 aligned,CDR2 aligned,CDR3 aligned,Aligned Sequence
123352,Nb_4be5e2588ab9,1,1,0.7489852,QVQLQESGGGLVQAGGSLRLSCAASGSISTRAMGWYRQAPGKERELVASISSGSSTNYADSVKGRFTISRDNAKNTVYLQMNSLKPEDTAVYYCAADNHHARGHRYWGQGTQVTVSS,GSISTRA,ISSGSST,AADNHHARGHRY,GSIS-----TRA,ISSG-----SST,AADNHH--------------ARGHRY,QVQLQESGG-GLVQAGGSL-RLSCAASGSIS-----TRAMGWY-RQAPGKERELVASISSG-----SSTNYADSVK-GRFTISRDNAKNTVYLQMNSLKPEDTAVYYCAADNHH--------------ARGHRYWG-Q-GTQVTVSS
62117,Nb_73468da1fb9d,1,1,0.7383849,QVQLQESGGGLVQAGGSLRLSCAASGNISKYPGMGWYRQAPGKERELVATINVGSTTNYADSVKGRFTISRDNAKNTVYLQMNSLKPEDTAVYYRAVNSKRGYQHRYWGQGTQVTVSS,GNISKYPG,INVGSTT,AVNSKRGYQHRY,GNIS----KYPG,INVG-----STT,AVNSKR--------------GYQHRY,QVQLQESGG-GLVQAGGSL-RLSCAASGNIS----KYPGMGWY-RQAPGKERELVATINVG-----STTNYADSVK-GRFTISRDNAKNTVYLQMNSLKPEDTAVYYRAVNSKR--------------GYQHRYWG-Q-GTQVTVSS
62325,Nb_f246ffbc9e26,1,1,0.73807347,QVQLQESGGGLVQAGGSLRLSCAASGSISARYNMGWYRQAPGKERELVAGISRGASTNYADSVKGRFTISRDNAKNTVYLQMNSLKPEDTAVYYCAANAGPTRGHGYWGQGTQVTVSS,GSISARYN,ISRGAST,AANAGPTRGHGY,GSIS----ARYN,ISRG-----AST,AANAGP--------------TRGHGY,QVQLQESGG-GLVQAGGSL-RLSCAASGSIS----ARYNMGWY-RQAPGKERELVAGISRG-----ASTNYADSVK-GRFTISRDNAKNTVYLQMNSLKPEDTAVYYCAANAGP--------------TRGHGYWG-Q-GTQVTVSS
70461,Nb_0484a55db28d,1,1,0.73670226,QVQLQESGGGLVQAGGSLRLSCAASGTISVYERMGWYRQAPGKEREFVAGINPGSSTNYADSVKGRFTISRDNAKNTVYLQMNSLKPEDTAVYYCAAKNRDNQYHYYWGQGTQVTVSS,GTISVYER,INPGSST,AAKNRDNQYHYY,GTIS----VYER,INPG-----SST,AAKNRD--------------NQYHYY,QVQLQESGG-GLVQAGGSL-RLSCAASGTIS----VYERMGWY-RQAPGKEREFVAGINPG-----SSTNYADSVK-GRFTISRDNAKNTVYLQMNSLKPEDTAVYYCAAKNRD--------------NQYHYYWG-Q-GTQVTVSS
62117,Nb_64126872c4f3,1,1,0.73585117,QVQLQESGGGLVQAGGSLRLSCAASGNISKYPGMGWYRQAPGKERELVATINVGSTTNYADSVKGRFTISRDNAKNTVYLQMNSLKPEDTAVYYCAVNSKRGYQHRYWGQGTQVTVSS,GNISKYPG,INVGSTT,AVNSKRGYQHRY,GNIS----KYPG,INVG-----STT,AVNSKR--------------GYQHRY,QVQLQESGG-GLVQAGGSL-RLSCAASGNIS----KYPGMGWY-RQAPGKERELVATINVG-----STTNYADSVK-GRFTISRDNAKNTVYLQMNSLKPEDTAVYYCAVNSKR--------------GYQHRYWG-Q-GTQVTVSS
29715,Nb_617fff24744a,1,1,0.734606,QVQLQESGGGLVQAGGSLRLSCAASGSISRYSTMGWYRQAPGKEREFVAGISQGGTTNYADSVKGRFTISRDNAKNTVYLQMNSLKPEDTAVYYCAVNRVKYQQSNRRYSYWGQGTQVTVSS,GSISRYST,ISQGGTT,AVNRVKYQQSNRRYSY,GSIS----RYST,ISQG-----GTT,AVNRVKYQ----------QSNRRYSY,QVQLQESGG-GLVQAGGSL-RLSCAASGSIS----RYSTMGWY-RQAPGKEREFVAGISQG-----GTTNYADSVK-GRFTISRDNAKNTVYLQMNSLKPEDTAVYYCAVNRVKYQ----------QSNRRYSYWG-Q-GTQVTVSS
81134,Nb_88e596df5b5b,1,1,0.7329289,QVQLQESGGGLVQAGGSLRLSCAASGSISERQYMGWYRQAPGKEREFVAGISSGAITNYADSVKGRFTISRDNAKNTVYLQMNSLKPEDTAVYYCAAYRRTGNGHWYWGQGTQVTVSS,GSISERQY,ISSGAIT,AAYRRTGNGHWY,GSIS----ERQY,ISSG-----AIT,AAYRRT--------------GNGHWY,QVQLQESGG-GLVQAGGSL-RLSCAASGSIS----ERQYMGWY-RQAPGKEREFVAGISSG-----AITNYADSVK-GRFTISRDNAKNTVYLQMNSLKPEDTAVYYCAAYRRT--------------GNGHWYWG-Q-GTQVTVSS
62117,Nb_31b0dc3ee344,1,1,0.7304322,QVQLQESGGGLVQAGGSLRLSCAASGNVSKYPGMGWYRQAPGKERELVATINVGSTTNYADSVKGRFTISRDNAKNTVYLQMNSLKPEDTAVYYCAVNSKRGYQHRYWGQGTQVTVSS,GNVSKYPG,INVGSTT,AVNSKRGYQHRY,GNVS----KYPG,INVG-----STT,AVNSKR--------------GYQHRY,QVQLQESGG-GLVQAGGSL-RLSCAASGNVS----KYPGMGWY-RQAPGKERELVATINVG-----STTNYADSVK-GRFTISRDNAKNTVYLQMNSLKPEDTAVYYCAVNSKR--------------GYQHRYWG-Q-GTQVTVSS
123279,Nb_f43376fb7795,1,1,0.73003864,QVQLQESGGGLVQAGGSLRLSCAASGSISARSMGWYRQAPGKERELVAAIGRGGNTNYADSVKGRFTISRDNAKNTVYLQMNSLKPEDTAVYYCAARDSYTGPYPYWGQGTQVTVSS,GSISARS,IGRGGNT,AARDSYTGPYPY,GSIS-----ARS,IGRG-----GNT,AARDSY--------------TGPYPY,QVQLQESGG-GLVQAGGSL-RLSCAASGSIS-----ARSMGWY-RQAPGKERELVAAIGRG-----GNTNYADSVK-GRFTISRDNAKNTVYLQMNSLKPEDTAVYYCAARDSY--------------TGPYPYWG-Q-GTQVTVSS
53341,Nb_8fa3ed968c86,1,1,0.72817975,QVQLQESGGGLVQAGGSLRLSCAASGNISGYRQMGRYRQAPGKERELVATINGGSTTNYADSVKGRFTISRDNAKNTVYLQMNSLKPEDTAVYYCAATGATGSKHTYWGQGTQVTVSS,GNISGYRQ,INGGSTT,AATGATGSKHTY,GNIS----GYRQ,INGG-----STT,AATGAT--------------GSKHTY,QVQLQESGG-GLVQAGGSL-RLSCAASGNIS----GYRQMGRY-RQAPGKERELVATINGG-----STTNYADSVK-GRFTISRDNAKNTVYLQMNSLKPEDTAVYYCAATGAT--------------GSKHTYWG-Q-GTQVTVSS
81050,Nb_afdd96b0ee03,1,1,0.7278696,QVQLQESGGGLVQAGGSLRLSCAASGSISLARYMGWYRQAPGKEREFVATITRGATTNYADSVKGRFTISRDNAKNTVYLQMNSLKPEDTAVYYCAAGSRKYRSHAYWGQGTQVTVSS,GSISLARY,ITRGATT,AAGSRKYRSHAY,GSIS----LARY,ITRG-----ATT,AAGSRK--------------YRSHAY,QVQLQESGG-GLVQAGGSL-RLSCAASGSIS----LARYMGWY-RQAPGKEREFVATITRG-----ATTNYADSVK-GRFTISRDNAKNTVYLQMNSLKPEDTAVYYCAAGSRK--------------YRSHAYWG-Q-GTQVTVSS
62436,Nb_2fde4b52f5a5,1,1,0.7250173,QVQLQESGGGLVQAGGSLRLSCAASGNISHYRGMGWYRQAPGKEREFVAGIGGGTNTNYADSVKGRFTISRDNAKNTVYLQMNSLKPEDTAVYYCAATARRYSKYAYWGQGTQVTVSS,GNISHYRG,IGGGTNT,AATARRYSKYAY,GNIS----HYRG,IGGG-----TNT,AATARR--------------YSKYAY,QVQLQESGG-GLVQAGGSL-RLSCAASGNIS----HYRGMGWY-RQAPGKEREFVAGIGGG-----TNTNYADSVK-GRFTISRDNAKNTVYLQMNSLKPEDTAVYYCAATARR--------------YSKYAYWG-Q-GTQVTVSS
124870,Nb_69e480998192,1,1,0.72344995,QVQLQESGGGLVQAGGSLRLSCAASGTISRYKYMGWYRQAPGKERELVAGITRGTTTNYADSVKGRFTISRDNAKNTVYLQMNSLKPEDTAVYYCAAGRETRAYPYWGQGTQVTVSS,GTISRYKY,ITRGTTT,AAGRETRAYPY,GTIS----RYKY,ITRG-----TTT,AAGRET---------------RAYPY,QVQLQESGG-GLVQAGGSL-RLSCAASGTIS----RYKYMGWY-RQAPGKERELVAGITRG-----TTTNYADSVK-GRFTISRDNAKNTVYLQMNSLKPEDTAVYYCAAGRET---------------RAYPYWG-Q-GTQVTVSS
75570,Nb_8d830cc7b626,1,1,0.72337794,QVQLQESGGGLVQAGGSLRLSCAASGSIFPGRPMGWYRQAPGKERELVAGITRGSSTNYADSVKGRFTISRDNAKNTVYLQMNSLKPEDTAVYYCAAIGQKRSSHRYWGQGTQVTVSS,GSIFPGRP,ITRGSST,AAIGQKRSSHRY,GSIF----PGRP,ITRG-----SST,AAIGQK--------------RSSHRY,QVQLQESGG-GLVQAGGSL-RLSCAASGSIF----PGRPMGWY-RQAPGKERELVAGITRG-----SSTNYADSVK-GRFTISRDNAKNTVYLQMNSLKPEDTAVYYCAAIGQK--------------RSSHRYWG-Q-GTQVTVSS
56962,Nb_8bccf26f7bcd,1,1,0.72280174,QVQLQESGGGLVQAGGSLRLSCAASGSISPGGKMGWYRQAPGKEREFVAGINPGASTNYADSVKGRFTISRDNAKNTVYLQMNSLKPEDTAVYYCAAGYRAPVGHYYWGQGTQVTVSS,GSISPGGK,INPGAST,AAGYRAPVGHYY,GSIS----PGGK,INPG-----AST,AAGYRA--------------PVGHYY,QVQLQESGG-GLVQAGGSL-RLSCAASGSIS----PGGKMGWY-RQAPGKEREFVAGINPG-----ASTNYADSVK-GRFTISRDNAKNTVYLQMNSLKPEDTAVYYCAAGYRA--------------PVGHYYWG-Q-GTQVTVSS
69451,Nb_33a0af1cf80a,1,1,0.72262657,QVQLQESGGGLVQAGGSLRLSCAASGSISYGYGMGWYRQAPGKEREFVASINGGGNTNYADSVKGRFTISRDNAKNTVYLQMNSLKPEDTAVYYCAAPKYRSRSHGYWGQGTQVTVSS,GSISYGYG,INGGGNT,AAPKYRSRSHGY,GSIS----YGYG,INGG-----GNT,AAPKYR--------------SRSHGY,QVQLQESGG-GLVQAGGSL-RLSCAASGSIS----YGYGMGWY-RQAPGKEREFVASINGG-----GNTNYADSVK-GRFTISRDNAKNTVYLQMNSLKPEDTAVYYCAAPKYR--------------SRSHGYWG-Q-GTQVTVSS
64400,Nb_acb92cb13fa4,1,1,0.7220562,QVQLQESGGGLVQAGGSLRLSCAASGNISRRADMGWYRQAPGKEHELVAGIAAGSTTNYADSVKGRFTISRDNAKNTVYLQMNSLKPEDTAVYYCAARYNDLRGHAYWGQGTQVTVSS,GNISRRAD,IAAGSTT,AARYNDLRGHAY,GNIS----RRAD,IAAG-----STT,AARYND--------------LRGHAY,QVQLQESGG-GLVQAGGSL-RLSCAASGNIS----RRADMGWY-RQAPGKEHELVAGIAAG-----STTNYADSVK-GRFTISRDNAKNTVYLQMNSLKPEDTAVYYCAARYND--------------LRGHAYWG-Q-GTQVTVSS
53341,Nb_4307e21fd9e9,1,1,0.72192484,QVQLQESGGGLVQAGGSLRLSCAASGNISGYRQMGWYRQAPGKERELVATINGGSTTNYADSVKGRFTISRDNAKNTVYLQMNSLKPEDTAVYYCAATGATGSKHTYWGQGTQVTVSS,GNISGYRQ,INGGSTT,AATGATGSKHTY,GNIS----GYRQ,INGG-----STT,AATGAT--------------GSKHTY,QVQLQESGG-GLVQAGGSL-RLSCAASGNIS----GYRQMGWY-RQAPGKERELVATINGG-----STTNYADSVK-GRFTISRDNAKNTVYLQMNSLKPEDTAVYYCAATGAT--------------GSKHTYWG-Q-GTQVTVSS
51789,Nb_3254b7e9208c,1,1,0.7218312,QVQLQESGGGLVQAGGSLRLSCAASGNISQYAGMGWYRQAPGKEREFVAGIARGGSTNYADSVKGRFTISRDNAKNTVYLQMNSLKPEDTAVYYCAANNTGRARTYGYWGQGTQVTVSS,GNISQYAG,IARGGST,AANNTGRARTYGY,GNIS----QYAG,IARG-----GST,AANNTGR-------------ARTYGY,QVQLQESGG-GLVQAGGSL-RLSCAASGNIS----QYAGMGWY-RQAPGKEREFVAGIARG-----GSTNYADSVK-GRFTISRDNAKNTVYLQMNSLKPEDTAVYYCAANNTGR-------------ARTYGYWG-Q-GTQVTVSS
58425,Nb_158894278f1f,1,1,0.72075003,QVQLQESGGGLVQAGGSLRLSCAASGSIFRYGGMGWYRQAPGKEREFVAGISQGGITNYADSVKGRFTISRDNAKNTVYLQMNSLKPEDTAVYYCAARYYPYRYHGYWGQGTQVTVSS,GSIFRYGG,ISQGGIT,AARYYPYRYHGY,GSIF----RYGG,ISQG-----GIT,AARYYP--------------YRYHGY,QVQLQESGG-GLVQAGGSL-RLSCAASGSIF----RYGGMGWY-RQAPGKEREFVAGISQG-----GITNYADSVK-GRFTISRDNAKNTVYLQMNSLKPEDTAVYYCAARYYP--------------YRYHGYWG-Q-GTQVTVSS
21012,Nb_cb2480a45ad7,1,1,0.72028935,QVQLQESGGGLVQAGGSLRLSCAASGNISNRDGMGWYRQAPGKEREFVASITPGSTTNYVDSVKGRFTISRDNAKNTVYLQMNSLKPEDTAVYYCAAKRKRYQLSPAWYTYWGQGTQVTVSS,GNISNRDG,ITPGSTT,AAKRKRYQLSPAWYTY,GNIS----NRDG,ITPG-----STT,AAKRKRYQ----------LSPAWYTY,QVQLQESGG-GLVQAGGSL-RLSCAASGNIS----NRDGMGWY-RQAPGKEREFVASITPG-----STTNYVDSVK-GRFTISRDNAKNTVYLQMNSLKPEDTAVYYCAAKRKRYQ----------LSPAWYTYWG-Q-GTQVTVSS
124854,Nb_5a33e7d1ed25,1,1,0.7196353,QVQLQESGGGLVQAGGSLRLSCAASGYISQYYMGWYRQAPGKERELVAGIAGGGTTNYADSVKGRFTISRDNAKNTVYLQMNSLKPEDTAVYYCAARRYGTGALKYWGQGTQVTVSS,GYISQYY,IAGGGTT,AARRYGTGALKY,GYIS-----QYY,IAGG-----GTT,AARRYG--------------TGALKY,QVQLQESGG-GLVQAGGSL-RLSCAASGYIS-----QYYMGWY-RQAPGKERELVAGIAGG-----GTTNYADSVK-GRFTISRDNAKNTVYLQMNSLKPEDTAVYYCAARRYG--------------TGALKYWG-Q-GTQVTVSS
25722,Nb_4cee3141b6cb,1,1,0.7181635,QVQLQESGGGLVQAGGSLRLSCAASGSISKYTRMGWYRQAPGKERELVAGITIGGSTNYADSVKGRFTISRDNAKNTVYLQMNSLKPEDTAVYYCAAYSGRDTASGYYHRYWGQGTQVTVSS,GSISKYTR,ITIGGST,AAYSGRDTASGYYHRY,GSIS----KYTR,ITIG-----GST,AAYSGRDT----------ASGYYHRY,QVQLQESGG-GLVQAGGSL-RLSCAASGSIS----KYTRMGWY-RQAPGKERELVAGITIG-----GSTNYADSVK-GRFTISRDNAKNTVYLQMNSLKPEDTAVYYCAAYSGRDT----------ASGYYHRYWG-Q-GTQVTVSS
76165,Nb_ac1078d108fa,1,1,0.71776664,QVQLQESGGGLVQAGGSLRLSCAASGNISYRYNMGWYRQAPGKERELVASISRGSSTNYADSVKGRFTISRDNAKNTVYLQMNSLKPEDTAVYYCAAKYSRRDDHYYWGQGTQVTVSS,GNISYRYN,ISRGSST,AAKYSRRDDHYY,GNIS----YRYN,ISRG-----SST,AAKYSR--------------RDDHYY,QVQLQESGG-GLVQAGGSL-RLSCAASGNIS----YRYNMGWY-RQAPGKERELVASISRG-----SSTNYADSVK-GRFTISRDNAKNTVYLQMNSLKPEDTAVYYCAAKYSR--------------RDDHYYWG-Q-GTQVTVSS
87513,Nb_1637b9e199b3,1,1,0.717267,QVQLQESGGGLVQAGGSLRLSCAASGSISAAAPMGWYRQAPGKEREFVAGIARGASTYYADSVKGRFTISRDNAKNTVYLQMNSLKPEDTAVYYCAAQGRQYRGHDYWGQGTQVTVSS,GSISAAAP,IARGAST,AAQGRQYRGHDY,GSIS----AAAP,IARG-----AST,AAQGRQ--------------YRGHDY,QVQLQESGG-GLVQAGGSL-RLSCAASGSIS----AAAPMGWY-RQAPGKEREFVAGIARG-----ASTYYADSVK-GRFTISRDNAKNTVYLQMNSLKPEDTAVYYCAAQGRQ--------------YRGHDYWG-Q-GTQVTVSS
125524,Nb_23385416a841,1,1,0.7170791,QVQLQESGGGLVQAGGSLRLSCAASGTISGTNMGWYRQAPGKERELVATISVGGSTNYADSVKGRFTISRDNAKNTVYLQMNSLKPEDTAVYYCAATKHKRGGHGYWGQGTQVTVSS,GTISGTN,ISVGGST,AATKHKRGGHGY,GTIS-----GTN,ISVG-----GST,AATKHK--------------RGGHGY,QVQLQESGG-GLVQAGGSL-RLSCAASGTIS-----GTNMGWY-RQAPGKERELVATISVG-----GSTNYADSVK-GRFTISRDNAKNTVYLQMNSLKPEDTAVYYCAATKHK--------------RGGHGYWG-Q-GTQVTVSS
71143,Nb_9553c18b1f0d,1,1,0.71677905,QVQLQESGGGLVQAGGSLRLSCAASGSISRYPVMGWYRQAPGKERELVAGISAGGITNYADSVKGRFTISRDNAKNTVYLQMNSLKPEDTAVYYCAAKVGSPRTHDYWGQGTQVTVSS,GSISRYPV,ISAGGIT,AAKVGSPRTHDY,GSIS----RYPV,ISAG-----GIT,AAKVGS--------------PRTHDY,QVQLQESGG-GLVQAGGSL-RLSCAASGSIS----RYPVMGWY-RQAPGKERELVAGISAG-----GITNYADSVK-GRFTISRDNAKNTVYLQMNSLKPEDTAVYYCAAKVGS--------------PRTHDYWG-Q-GTQVTVSS
55358,Nb_40ec46ee03d8,1,1,0.71671027,QVQLQESGGGLVQAGGSLRLSCAASGTISKTAPMGWYRQAPGKERELVAGITKGGSTNYADSVKGRFTISRDNAKNTVYLQMNSLKPEDTAVYYCAASQRYDYYHRYWGQGTQVTVSS,GTISKTAP,ITKGGST,AASQRYDYYHRY,GTIS----KTAP,ITKG-----GST,AASQRY--------------DYYHRY,QVQLQESGG-GLVQAGGSL-RLSCAASGTIS----KTAPMGWY-RQAPGKERELVAGITKG-----GSTNYADSVK-GRFTISRDNAKNTVYLQMNSLKPEDTAVYYCAASQRY--------------DYYHRYWG-Q-GTQVTVSS
78679,Nb_1744edafeafc,1,1,0.71667457,QVQLQESGGGLVQAGGSLRLSCAASGNISQSQTMGWYRQAPGKEREFVAAIAGGGSTNYADSVKGRFTISRDNAKNTVYLQMNSLKPEDTAVYYCAAYRRGQNKHSYWGQGTQVTVSS,GNISQSQT,IAGGGST,AAYRRGQNKHSY,GNIS----QSQT,IAGG-----GST,AAYRRG--------------QNKHSY,QVQLQESGG-GLVQAGGSL-RLSCAASGNIS----QSQTMGWY-RQAPGKEREFVAAIAGG-----GSTNYADSVK-GRFTISRDNAKNTVYLQMNSLKPEDTAVYYCAAYRRG--------------QNKHSYWG-Q-GTQVTVSS
69123,Nb_b2c7b2abb2d6,1,1,0.71659774,QVQLQESGGGLVQAGGSLRLSCAASGTISGYNDMGWYRQAPGKEREFVAGISAGATTNYADSVKGRFTISRDNAKNTVYLQMNSLKPEDTAVYYCAAYARRDTNHYYWGQGTQVTVSS,GTISGYND,ISAGATT,AAYARRDTNHYY,GTIS----GYND,ISAG-----ATT,AAYARR--------------DTNHYY,QVQLQESGG-GLVQAGGSL-RLSCAASGTIS----GYNDMGWY-RQAPGKEREFVAGISAG-----ATTNYADSVK-GRFTISRDNAKNTVYLQMNSLKPEDTAVYYCAAYARR--------------DTNHYYWG-Q-GTQVTVSS
60041,Nb_550a323f3e98,1,1,0.7157576,QVQLQESGGGLVQAGGSLRLSCAASGNISGAKTMGWYRQAPGKEREFVAAIARGGTTNYADSVKGRFTISRDNAKNTVYLQMNSLKPEDTAVYYCAADRGHGRKYPYWGQGTQVTVSS,GNISGAKT,IARGGTT,AADRGHGRKYPY,GNIS----GAKT,IARG-----GTT,AADRGH--------------GRKYPY,QVQLQESGG-GLVQAGGSL-RLSCAASGNIS----GAKTMGWY-RQAPGKEREFVAAIARG-----GTTNYADSVK-GRFTISRDNAKNTVYLQMNSLKPEDTAVYYCAADRGH--------------GRKYPYWG-Q-GTQVTVSS
125252,Nb_4a7697961416,1,1,0.7155483,QVQLQESGGGLVQAGGSLRLSCAASGNISDYRMGWYRQAPGKEREFVAAISTGGTTYYADSVKGRFTISRDNAKNTVYLQMNSLKPEDTAVYYCAATKTKRDRYGYWGQGTQVTVSS,GNISDYR,ISTGGTT,AATKTKRDRYGY,GNIS-----DYR,ISTG-----GTT,AATKTK--------------RDRYGY,QVQLQESGG-GLVQAGGSL-RLSCAASGNIS-----DYRMGWY-RQAPGKEREFVAAISTG-----GTTYYADSVK-GRFTISRDNAKNTVYLQMNSLKPEDTAVYYCAATKTK--------------RDRYGYWG-Q-GTQVTVSS
71135,Nb_c9e78944f04d,1,1,0.71523523,QVQLQESGGGLVQAGGSLRLSCAASGNISGSARMGWYRQAPGKEREFVAGINRGATTNYADSVKGRFTISRDNAKNTVYLQMNSLKPEDTAVYYCAADRTDYQWHTYWGQGTQVTVSS,GNISGSAR,INRGATT,AADRTDYQWHTY,GNIS----GSAR,INRG-----ATT,AADRTD--------------YQWHTY,QVQLQESGG-GLVQAGGSL-RLSCAASGNIS----GSARMGWY-RQAPGKEREFVAGINRG-----ATTNYADSVK-GRFTISRDNAKNTVYLQMNSLKPEDTAVYYCAADRTD--------------YQWHTYWG-Q-GTQVTVSS
68404,Nb_3d533bc7454c,1,1,0.7140435,QVQLQESGGGLVQAGGSLRLSCAASGSISDAARMGWYRQAPGKEREFVAGINPGGSTNYADSVKGRFTISRDNAKNTVYLQMNSLKPEDTAVYYCAAAAGTYGGHGYWGQGTQVTVSS,GSISDAAR,INPGGST,AAAAGTYGGHGY,GSIS----DAAR,INPG-----GST,AAAAGT--------------YGGHGY,QVQLQESGG-GLVQAGGSL-RLSCAASGSIS----DAARMGWY-RQAPGKEREFVAGINPG-----GSTNYADSVK-GRFTISRDNAKNTVYLQMNSLKPEDTAVYYCAAAAGT--------------YGGHGYWG-Q-GTQVTVSS
123967,Nb_a6b614990d74,1,1,0.7132964,QVQLQESGGGLVQAGGSLRLSCAASGYIYYYTMGWYRQAPGKERELVATINSGGNTNYADSVKGRFTISRDNAKNTVYLQMNSLKPEDTAVYYCAAKTYSYYSYRYWGQGTQVTVSS,GYIYYYT,INSGGNT,AAKTYSYYSYRY,GYIY-----YYT,INSG-----GNT,AAKTYS--------------YYSYRY,QVQLQESGG-GLVQAGGSL-RLSCAASGYIY-----YYTMGWY-RQAPGKERELVATINSG-----GNTNYADSVK-GRFTISRDNAKNTVYLQMNSLKPEDTAVYYCAAKTYS--------------YYSYRYWG-Q-GTQVTVSS
23717,Nb_9323c7fadd97,1,1,0.71319556,QVQLQESGGGLVQAGGSLRLSCAASGTISRYNGMGWYRQAPGKERELVATIGGGGITNYADSVKGRFTISRDNAKNTVYLQMNSLKPEDTAVYYCAARQRYPERKDYDHGYWGQGTQVTVSS,GTISRYNG,IGGGGIT,AARQRYPERKDYDHGY,GTIS----RYNG,IGGG-----GIT,AARQRYPE----------RKDYDHGY,QVQLQESGG-GLVQAGGSL-RLSCAASGTIS----RYNGMGWY-RQAPGKERELVATIGGG-----GITNYADSVK-GRFTISRDNAKNTVYLQMNSLKPEDTAVYYCAARQRYPE----------RKDYDHGYWG-Q-GTQVTVSS
60052,Nb_86c012417f81,1,1,0.7128531,QVQLQESGGGLVQAGGSLRLSCAASGSISRHSDMGWYRQAPGKERELVAGITGGASTNYADSVKGRFTISRDNAKNTVYLQMNSLKPEDTAVYYCAAYLRPYRQHAYWGQGTQVTVSS,GSISRHSD,ITGGAST,AAYLRPYRQHAY,GSIS----RHSD,ITGG-----AST,AAYLRP--------------YRQHAY,QVQLQESGG-GLVQAGGSL-RLSCAASGSIS----RHSDMGWY-RQAPGKERELVAGITGG-----ASTNYADSVK-GRFTISRDNAKNTVYLQMNSLKPEDTAVYYCAAYLRP--------------YRQHAYWG-Q-GTQVTVSS
78876,Nb_aae084060904,1,1,0.71161455,QVQLQESGGGLVQAGGSLRLRCAASGNISYSYDMGWYRQAPGKERELVAGIGRGSNTNYADSVKGRFTISRDNAKNTVYLQMNSLKPEDTAVYYCAAQARYARRHVYWGQGTQVTVSS,GNISYSYD,IGRGSNT,AAQARYARRHVY,GNIS----YSYD,IGRG-----SNT,AAQARY--------------ARRHVY,QVQLQESGG-GLVQAGGSL-RLRCAASGNIS----YSYDMGWY-RQAPGKERELVAGIGRG-----SNTNYADSVK-GRFTISRDNAKNTVYLQMNSLKPEDTAVYYCAAQARY--------------ARRHVYWG-Q-GTQVTVSS
51653,Nb_5ef687d9e93f,1,1,0.7114087,QVQLQESGGGLVQAGGSLRLSCAASGTISSYARMGWYRQAPGKEREFVAGISSGASTYYADSVKGRFTISRDNAKNTVYLQMNSLKPEDTAVYYCAAPLGRGRQGYAYWGQGTQVTVSS,GTISSYAR,ISSGAST,AAPLGRGRQGYAY,GTIS----SYAR,ISSG-----AST,AAPLGRG-------------RQGYAY,QVQLQESGG-GLVQAGGSL-RLSCAASGTIS----SYARMGWY-RQAPGKEREFVAGISSG-----ASTYYADSVK-GRFTISRDNAKNTVYLQMNSLKPEDTAVYYCAAPLGRG-------------RQGYAYWG-Q-GTQVTVSS
69060,Nb_6bb175f644b8,1,1,0.71091956,QVQLQESGGGLVQAGGSLRLSCAASGSISYYPGMGWYRQAPGKERELVAAITTGGSTNYADSVKGRFTISRDNAKNTVYLQMNSLKPEDTAVYYCAARPLGREKHGYWGQGTQVTVSS,GSISYYPG,ITTGGST,AARPLGREKHGY,GSIS----YYPG,ITTG-----GST,AARPLG--------------REKHGY,QVQLQESGG-GLVQAGGSL-RLSCAASGSIS----YYPGMGWY-RQAPGKERELVAAITTG-----GSTNYADSVK-GRFTISRDNAKNTVYLQMNSLKPEDTAVYYCAARPLG--------------REKHGYWG-Q-GTQVTVSS
71642,Nb_07090eecc2a9,1,1,0.7105807,QVQLQESGGGLVQAGGSLRLSCAASGTISRRDSMGWYRQAPGKEREFVAGIGKGAITYYADSVKGRFTISRDNAKNTVYLQMNSLKPGDTAVYYCAAKSATPYRHGYWGQGTQVTVSS,GTISRRDS,IGKGAIT,AAKSATPYRHGY,GTIS----RRDS,IGKG-----AIT,AAKSAT--------------PYRHGY,QVQLQESGG-GLVQAGGSL-RLSCAASGTIS----RRDSMGWY-RQAPGKEREFVAGIGKG-----AITYYADSVK-GRFTISRDNAKNTVYLQMNSLKPGDTAVYYCAAKSAT--------------PYRHGYWG-Q-GTQVTVSS
55899,Nb_b0209b78ad3f,1,1,0.71051854,QVQLQESGGGLVQAGGSLRLSCAASGTISGYDYMGWYRQAPGKERELVAGIAGGATTNYADSVKGRFTISRDNAKNTVYLQMNSLKPEDTAVYYCAARKQAYYGYRYWGQGTQVTVSS,GTISGYDY,IAGGATT,AARKQAYYGYRY,GTIS----GYDY,IAGG-----ATT,AARKQA--------------YYGYRY,QVQLQESGG-GLVQAGGSL-RLSCAASGTIS----GYDYMGWY-RQAPGKERELVAGIAGG-----ATTNYADSVK-GRFTISRDNAKNTVYLQMNSLKPEDTAVYYCAARKQA--------------YYGYRYWG-Q-GTQVTVSS
71642,Nb_356ccd4f8094,1,1,0.70999444,QVQLQESGGGLVQAGGSLRLSCAASGTISRRDSMGWYRQAPGKEREFVAGIGKGAITYYADSVKGRFTISRDNAKNTVYLQMNSLKPEDTAVYYCAAKSATPYRHGYWGQGTQVTVSS,GTISRRDS,IGKGAIT,AAKSATPYRHGY,GTIS----RRDS,IGKG-----AIT,AAKSAT--------------PYRHGY,QVQLQESGG-GLVQAGGSL-RLSCAASGTIS----RRDSMGWY-RQAPGKEREFVAGIGKG-----AITYYADSVK-GRFTISRDNAKNTVYLQMNSLKPEDTAVYYCAAKSAT--------------PYRHGYWG-Q-GTQVTVSS
73841,Nb_e5a15467b265,1,1,0.70976114,QVQLQESGGGLVQAGGSLRLSCAASGNISISYAMGWYRQAPGKERELVAGITAGSITNYADSVKGRFTISRDNAKNTVYLQMNSLKPEDTAVYYCAANGSSKRGHGYWGQGTQVTVSS,GNISISYA,ITAGSIT,AANGSSKRGHGY,GNIS----ISYA,ITAG-----SIT,AANGSS--------------KRGHGY,QVQLQESGG-GLVQAGGSL-RLSCAASGNIS----ISYAMGWY-RQAPGKERELVAGITAG-----SITNYADSVK-GRFTISRDNAKNTVYLQMNSLKPEDTAVYYCAANGSS--------------KRGHGYWG-Q-GTQVTVSS
74991,Nb_7a14007f0688,1,1,0.7093706,QVQLQESGGGLVQAGGSLRLSCAASGSISDDNGMGWYRQAPGKERELVAAIARGASTNYADSVKGRFTISRDSAKNTVYLQMNSLKPEDTAVYYCAAYRGPRRTHYYWGQGTQVTVSS,GSISDDNG,IARGAST,AAYRGPRRTHYY,GSIS----DDNG,IARG-----AST,AAYRGP--------------RRTHYY,QVQLQESGG-GLVQAGGSL-RLSCAASGSIS----DDNGMGWY-RQAPGKERELVAAIARG-----ASTNYADSVK-GRFTISRDSAKNTVYLQMNSLKPEDTAVYYCAAYRGP--------------RRTHYYWG-Q-GTQVTVSS
83211,Nb_56b4be3bb6e6,1,1,0.70898783,QVQLQESGGGLVQAGGSLRLSCAASGSISESRDMGWYRQAPGKEREFVAGITGGSITNYADSVKGRFTISRDNAKNTVYLQMNSLKPEDTAVYYCAAVKRVNAHYYYWGQGTQVTVSS,GSISESRD,ITGGSIT,AAVKRVNAHYYY,GSIS----ESRD,ITGG-----SIT,AAVKRV--------------NAHYYY,QVQLQESGG-GLVQAGGSL-RLSCAASGSIS----ESRDMGWY-RQAPGKEREFVAGITGG-----SITNYADSVK-GRFTISRDNAKNTVYLQMNSLKPEDTAVYYCAAVKRV--------------NAHYYYWG-Q-GTQVTVSS
78169,Nb_79c8b80496d6,1,1,0.7084072,QVQLQESGGGLVQAGGSLRLSCAASGSISVRRKMGWYRQASGKEREFVATIDAGGSTNYADSVKGRFTISRDNAKNTVYLQMNSLKPEDTAVYYCAAQRNDVRHHYYWGQGTQVTVSS,GSISVRRK,IDAGGST,AAQRNDVRHHYY,GSIS----VRRK,IDAG-----GST,AAQRND--------------VRHHYY,QVQLQESGG-GLVQAGGSL-RLSCAASGSIS----VRRKMGWY-RQASGKEREFVATIDAG-----GSTNYADSVK-GRFTISRDNAKNTVYLQMNSLKPEDTAVYYCAAQRND--------------VRHHYYWG-Q-GTQVTVSS
128739,Nb_422cdd026022,1,1,0.70824033,QVQLQESGGGLVQAGGSLRLSCAASGNISPRTMGWYRQAPGKERELVAGINQGGSTNYADSVKGRFTISRDNAKNTVYLQMNSLKPEDTAVYYCAAYTPAYYYRYWGQGTQVTVSS,GNISPRT,INQGGST,AAYTPAYYYRY,GNIS-----PRT,INQG-----GST,AAYTPA---------------YYYRY,QVQLQESGG-GLVQAGGSL-RLSCAASGNIS-----PRTMGWY-RQAPGKERELVAGINQG-----GSTNYADSVK-GRFTISRDNAKNTVYLQMNSLKPEDTAVYYCAAYTPA---------------YYYRYWG-Q-GTQVTVSS
61154,Nb_10939b0ee68f,1,1,0.7082212,QVQLQESGGGLVQAGGSLRLSCAASGSISPSDSMGWYRQAPGKEREFVAAISRGSNTNYADSVKGRFTISRDNAKNTVYLQMNSLKPEDTAVYYCAAGTGRSNRHYYWGQGTQVTVSS,GSISPSDS,ISRGSNT,AAGTGRSNRHYY,GSIS----PSDS,ISRG-----SNT,AAGTGR--------------SNRHYY,QVQLQESGG-GLVQAGGSL-RLSCAASGSIS----PSDSMGWY-RQAPGKEREFVAAISRG-----SNTNYADSVK-GRFTISRDNAKNTVYLQMNSLKPEDTAVYYCAAGTGR--------------SNRHYYWG-Q-GTQVTVSS
78169,Nb_533cced0f779,1,1,0.70817053,QVQLQESGGGLVQAGGSLRLSCAASGSISVRRKMGWYRQAPGKEREFVATIDAGGSTNYADSVKGRFTISRDNAKNTVYLQMNSLKPEDTAVYYCAAQRNDVRHHYYWGQGTQVTVSS,GSISVRRK,IDAGGST,AAQRNDVRHHYY,GSIS----VRRK,IDAG-----GST,AAQRND--------------VRHHYY,QVQLQESGG-GLVQAGGSL-RLSCAASGSIS----VRRKMGWY-RQAPGKEREFVATIDAG-----GSTNYADSVK-GRFTISRDNAKNTVYLQMNSLKPEDTAVYYCAAQRND--------------VRHHYYWG-Q-GTQVTVSS
56746,Nb_2e1ea273cfe0,1,1,0.7075999,QVQLQESGGGLVQAGGSLRLSCAASGNISAYPGMGWYRQAPGKERELVAGIGRGTNTYYADSVKGRFTISRDNAKNTVYLQMNSLKPEDTAVYYCAARNKRYYSHVYWGQGTQVTVSS,GNISAYPG,IGRGTNT,AARNKRYYSHVY,GNIS----AYPG,IGRG-----TNT,AARNKR--------------YYSHVY,QVQLQESGG-GLVQAGGSL-RLSCAASGNIS----AYPGMGWY-RQAPGKERELVAGIGRG-----TNTYYADSVK-GRFTISRDNAKNTVYLQMNSLKPEDTAVYYCAARNKR--------------YYSHVYWG-Q-GTQVTVSS
58221,Nb_6818221807d8,1,1,0.70727164,QVQLQESGGGLVQAGGSLRLSCAASGNISSLYSMGWYRQAPGKERELVAGINRGATTNYADSVKGRFTISRDNAKNTVYLQMNSLKPEDTAVYYCAARHSYGYAYQYWGQGTQVTVSS,GNISSLYS,INRGATT,AARHSYGYAYQY,GNIS----SLYS,INRG-----ATT,AARHSY--------------GYAYQY,QVQLQESGG-GLVQAGGSL-RLSCAASGNIS----SLYSMGWY-RQAPGKERELVAGINRG-----ATTNYADSVK-GRFTISRDNAKNTVYLQMNSLKPEDTAVYYCAARHSY--------------GYAYQYWG-Q-GTQVTVSS
75358,Nb_087fb79b15d4,1,1,0.7070762,QVQLQESGGGLVQAGGSLRLSCAASGTISGIYRMGWYRQAPGKERELVAGITAGSTTNYADSVKGRFTISRDNAKNTVYLQMNSLKPEDTAVYYCAADRSYPPYHRYWGQGTQVTVSS,GTISGIYR,ITAGSTT,AADRSYPPYHRY,GTIS----GIYR,ITAG-----STT,AADRSY--------------PPYHRY,QVQLQESGG-GLVQAGGSL-RLSCAASGTIS----GIYRMGWY-RQAPGKERELVAGITAG-----STTNYADSVK-GRFTISRDNAKNTVYLQMNSLKPEDTAVYYCAADRSY--------------PPYHRYWG-Q-GTQVTVSS
72511,Nb_5c4b0360a46c,1,1,0.7067798,QVQLQESGGGLVQAGGSLRLSCAASGSISYQAGMGWYRQAPGKERELVAGISAGANTNYADSVKGRFTISRDNAKNTVYLQMNSLKPEDTAVYYCAAQHSAYLPHRYWGQGTQVTVSS,GSISYQAG,ISAGANT,AAQHSAYLPHRY,GSIS----YQAG,ISAG-----ANT,AAQHSA--------------YLPHRY,QVQLQESGG-GLVQAGGSL-RLSCAASGSIS----YQAGMGWY-RQAPGKERELVAGISAG-----ANTNYADSVK-GRFTISRDNAKNTVYLQMNSLKPEDTAVYYCAAQHSA--------------YLPHRYWG-Q-GTQVTVSS
53849,Nb_7e0368dee7e3,1,1,0.7065869,QVQLQESGGGLVQAGGSLRLSCAASGNISDYSRMGWYRQAPGKERELVAAISRGGSTYYADSVKGRFTISRDNAKNTVYLQMNSLKPEDTAVYYCAVRATRGSTHKYWGQGTQVTVSS,GNISDYSR,ISRGGST,AVRATRGSTHKY,GNIS----DYSR,ISRG-----GST,AVRATR--------------GSTHKY,QVQLQESGG-GLVQAGGSL-RLSCAASGNIS----DYSRMGWY-RQAPGKERELVAAISRG-----GSTYYADSVK-GRFTISRDNAKNTVYLQMNSLKPEDTAVYYCAVRATR--------------GSTHKYWG-Q-GTQVTVSS
25722,Nb_af5a89e68a3a,1,1,0.705758,QVQLQESGGGLVQAGGSLRLSCAASGSISKYTRMGWYRQAPGKERELVAGITIGGSTNYADSVKGRFTISRDNAKNTVYLQMNSLKPEDTAVYYCAAYSGRDTASEYYHRYWGQGTQVTVSS,GSISKYTR,ITIGGST,AAYSGRDTASEYYHRY,GSIS----KYTR,ITIG-----GST,AAYSGRDT----------ASEYYHRY,QVQLQESGG-GLVQAGGSL-RLSCAASGSIS----KYTRMGWY-RQAPGKERELVAGITIG-----GSTNYADSVK-GRFTISRDNAKNTVYLQMNSLKPEDTAVYYCAAYSGRDT----------ASEYYHRYWG-Q-GTQVTVSS
83010,Nb_9484f3b18663,1,1,0.70574605,QVQLQESGGGLVQAGGSLRLSCAASGSISKRGNMGWYRQAPGKERELVASINSGGTTNYADSVKGRFTISRDNAKNTVYLQMNSLKPEDTAVYYCAAEVGSTSSHGYWGQGTQVTVSS,GSISKRGN,INSGGTT,AAEVGSTSSHGY,GSIS----KRGN,INSG-----GTT,AAEVGS--------------TSSHGY,QVQLQESGG-GLVQAGGSL-RLSCAASGSIS----KRGNMGWY-RQAPGKERELVASINSG-----GTTNYADSVK-GRFTISRDNAKNTVYLQMNSLKPEDTAVYYCAAEVGS--------------TSSHGYWG-Q-GTQVTVSS
63199,Nb_4b0c0aa4ce4e,1,1,0.7056353,QVQLQESGGGLVQAGGSLRLSCAASGYISPWHGMGWYRQAPGKERELVAGINAGGTTNYADSVKGRFTISRDNAKNTVYLQMNSLKREDTAVYYCAAYSRSTTQHVYWGQGTQVTVSS,GYISPWHG,INAGGTT,AAYSRSTTQHVY,GYIS----PWHG,INAG-----GTT,AAYSRS--------------TTQHVY,QVQLQESGG-GLVQAGGSL-RLSCAASGYIS----PWHGMGWY-RQAPGKERELVAGINAG-----GTTNYADSVK-GRFTISRDNAKNTVYLQMNSLKREDTAVYYCAAYSRS--------------TTQHVYWG-Q-GTQVTVSS
77783,Nb_895b0972bdcb,1,1,0.7052624,QVQLQESGGGLVQAGGSLRLSCAASGSISSYVYMGWYRQAPGKERELVASINPGGTTNYADSVKGRFTISRDNAKNTVYLQMNSLKPEDTAVYYCAAKRYGPRGYGYWGQGTQVTVSS,GSISSYVY,INPGGTT,AAKRYGPRGYGY,GSIS----SYVY,INPG-----GTT,AAKRYG--------------PRGYGY,QVQLQESGG-GLVQAGGSL-RLSCAASGSIS----SYVYMGWY-RQAPGKERELVASINPG-----GTTNYADSVK-GRFTISRDNAKNTVYLQMNSLKPEDTAVYYCAAKRYG--------------PRGYGYWG-Q-GTQVTVSS
58481,Nb_ea4fdd477e64,1,1,0.7046115,QVQLQESGGGLVQAGGSLRLSCAASGSISPDGTMGWYRQAPGKERELVAGINRGGTTNYADSVKGRFTISRDNAKNTVYLQMNSLKPEDTAVYYCAARGARDDSHYYWGQGTQVTASS,GSISPDGT,INRGGTT,AARGARDDSHYY,GSIS----PDGT,INRG-----GTT,AARGAR--------------DDSHYY,QVQLQESGG-GLVQAGGSL-RLSCAASGSIS----PDGTMGWY-RQAPGKERELVAGINRG-----GTTNYADSVK-GRFTISRDNAKNTVYLQMNSLKPEDTAVYYCAARGAR--------------DDSHYYWG-Q-GTQVTASS
56023,Nb_d9ccd1cad517,1,1,0.7043184,QVQLQESGGGLVQAGGSLRLSCAASGNISHGRYMGWYRQAPGKERELVASIGRGSITNYADSVKGRFTISRDNAKNTVYLQMNSLKPEDTAVYYCAAPSGAPKEHRYWGQGTQVTVSS,GNISHGRY,IGRGSIT,AAPSGAPKEHRY,GNIS----HGRY,IGRG-----SIT,AAPSGA--------------PKEHRY,QVQLQESGG-GLVQAGGSL-RLSCAASGNIS----HGRYMGWY-RQAPGKERELVASIGRG-----SITNYADSVK-GRFTISRDNAKNTVYLQMNSLKPEDTAVYYCAAPSGA--------------PKEHRYWG-Q-GTQVTVSS
20358,Nb_d3b2daa898ad,1,1,0.70390266,QVQLQESGGGLVQAGGSLRLSCAASGNISTRKDMGWYRQAPGKEREFVAGISGGAITNYADSVKGRFTISRDNAKNTVYLQMNSLKPEDTAVYYCAAKNEQTRDQYQPYWYWGQGTQVTVSS,GNISTRKD,ISGGAIT,AAKNEQTRDQYQPYWY,GNIS----TRKD,ISGG-----AIT,AAKNEQTR----------DQYQPYWY,QVQLQESGG-GLVQAGGSL-RLSCAASGNIS----TRKDMGWY-RQAPGKEREFVAGISGG-----AITNYADSVK-GRFTISRDNAKNTVYLQMNSLKPEDTAVYYCAAKNEQTR----------DQYQPYWYWG-Q-GTQVTVSS
124436,Nb_d47c370373ec,1,1,0.70368725,QVQLQESGGGLVQAGGSLRLSCAASGSISKYRLMGWYRQAPGKEREFVAGIGAGSNTNYADSVKGRFTISRDNAKNTVYLQMNSLKPEDTAVYYCAAANRRRGYVYWGQGTQVTVSS,GSISKYRL,IGAGSNT,AAANRRRGYVY,GSIS----KYRL,IGAG-----SNT,AAANRR---------------RGYVY,QVQLQESGG-GLVQAGGSL-RLSCAASGSIS----KYRLMGWY-RQAPGKEREFVAGIGAG-----SNTNYADSVK-GRFTISRDNAKNTVYLQMNSLKPEDTAVYYCAAANRR---------------RGYVYWG-Q-GTQVTVSS
24155,Nb_cfc37d348a63,1,1,0.70360065,QVQLQESGGGLVQAGGSLRLSCAASGSISPYRQMGWYRQAPGKERELVAGISSGSITNYADSVKGRFTISRDNAKNTVYLQMNSLKPEDTAVYYCAATGTRVYNERTGYPYWGQGTQVTVSS,GSISPYRQ,ISSGSIT,AATGTRVYNERTGYPY,GSIS----PYRQ,ISSG-----SIT,AATGTRVY----------NERTGYPY,QVQLQESGG-GLVQAGGSL-RLSCAASGSIS----PYRQMGWY-RQAPGKERELVAGISSG-----SITNYADSVK-GRFTISRDNAKNTVYLQMNSLKPEDTAVYYCAATGTRVY----------NERTGYPYWG-Q-GTQVTVSS
70991,Nb_9a8887c55e27,1,1,0.7035479,QVQLQESGGGLVQAGGSLRLSCAASGNISRDGAMGWYRQAPGKEREFVAGINRGSITNYADSVKGRFTISRDNAKNTVYLQMNSLKPEDTAVYYCAARSKYRPYFPYWGQGTQVTVSS,GNISRDGA,INRGSIT,AARSKYRPYFPY,GNIS----RDGA,INRG-----SIT,AARSKY--------------RPYFPY,QVQLQESGG-GLVQAGGSL-RLSCAASGNIS----RDGAMGWY-RQAPGKEREFVAGINRG-----SITNYADSVK-GRFTISRDNAKNTVYLQMNSLKPEDTAVYYCAARSKY--------------RPYFPYWG-Q-GTQVTVSS
68649,Nb_b866f4d6a213,1,1,0.70284903,QVQLQESGGGLVQAGGSLRLSCAASGNISWYSGMGWYRQAPGKEREFVAGINRGAITNYADSVKGRFTISRDNAKNTVYLQMNSLKPEDTAVYYCAAADGGLRHHTYWGQGTQVTVSS,GNISWYSG,INRGAIT,AAADGGLRHHTY,GNIS----WYSG,INRG-----AIT,AAADGG--------------LRHHTY,QVQLQESGG-GLVQAGGSL-RLSCAASGNIS----WYSGMGWY-RQAPGKEREFVAGINRG-----AITNYADSVK-GRFTISRDNAKNTVYLQMNSLKPEDTAVYYCAAADGG--------------LRHHTYWG-Q-GTQVTVSS
60830,Nb_ffee08e89570,1,1,0.70159876,QVQLQESGGGLVQAGGSLRLSCAASGYISQYNGMGWYRQAPGKEREFVAGINAGGSTNYADSVKGRFTISRDNAKNTVYLQMNSLKPEDTAVYYCAAYGFRSTNHRYWGQGTQVTVSS,GYISQYNG,INAGGST,AAYGFRSTNHRY,GYIS----QYNG,INAG-----GST,AAYGFR--------------STNHRY,QVQLQESGG-GLVQAGGSL-RLSCAASGYIS----QYNGMGWY-RQAPGKEREFVAGINAG-----GSTNYADSVK-GRFTISRDNAKNTVYLQMNSLKPEDTAVYYCAAYGFR--------------STNHRYWG-Q-GTQVTVSS
53660,Nb_505fce30cf55,1,1,0.70157844,QVQLQESGGGLVQAGGSLRLSCAASGYISWSGCMGWYRQAPGKEREFVAGIAAGGSTNYADSVKGRFTISRDNAKNTVYLQMNSLKPEDTAVYYCAASTARRREHVYWGQGTQVTVSS,GYISWSGC,IAAGGST,AASTARRREHVY,GYIS----WSGC,IAAG-----GST,AASTAR--------------RREHVY,QVQLQESGG-GLVQAGGSL-RLSCAASGYIS----WSGCMGWY-RQAPGKEREFVAGIAAG-----GSTNYADSVK-GRFTISRDNAKNTVYLQMNSLKPEDTAVYYCAASTAR--------------RREHVYWG-Q-GTQVTVSS
55380,Nb_995ec6771d9b,1,1,0.70148015,QVQLQESGGGLVQAGGSLRLSCAASGTISGSSNMGWYRQAPGKERELVAGINPGGTTNYADSVKGRFTISRDNAKNTVYLQMNSLKPEDTAVYYCAAGTYRDYLHKYWGQGTQVTVSS,GTISGSSN,INPGGTT,AAGTYRDYLHKY,GTIS----GSSN,INPG-----GTT,AAGTYR--------------DYLHKY,QVQLQESGG-GLVQAGGSL-RLSCAASGTIS----GSSNMGWY-RQAPGKERELVAGINPG-----GTTNYADSVK-GRFTISRDNAKNTVYLQMNSLKPEDTAVYYCAAGTYR--------------DYLHKYWG-Q-GTQVTVSS
125840,Nb_bdf3e5f8dbe7,1,1,0.70126843,QVQLQESGGGLVQAGGSLRLSCAASGNISRRGMGWYRQAPGKEREFVASIARGSSTYYADSVKGRFTISRDNAKNTVYLQMNSLKPEDTAVYYCAVVKRVDYRHDYWGQGTQVTVSS,GNISRRG,IARGSST,AVVKRVDYRHDY,GNIS-----RRG,IARG-----SST,AVVKRV--------------DYRHDY,QVQLQESGG-GLVQAGGSL-RLSCAASGNIS-----RRGMGWY-RQAPGKEREFVASIARG-----SSTYYADSVK-GRFTISRDNAKNTVYLQMNSLKPEDTAVYYCAVVKRV--------------DYRHDYWG-Q-GTQVTVSS
48056,Nb_f36a30e15bfb,1,1,0.7009619,QVQLQESGGGLVQAGGSLRLSCAASGSISRYRMGWYRQAPGKEREFVAGIAGGGSTNYADSVKGRFTISRDNAKNTVYLQMNSLKPEDTAVYYCAVGQGYRAVPYDYHGYWGQGTQVTVSS,GSISRYR,IAGGGST,AVGQGYRAVPYDYHGY,GSIS-----RYR,IAGG-----GST,AVGQGYRA----------VPYDYHGY,QVQLQESGG-GLVQAGGSL-RLSCAASGSIS-----RYRMGWY-RQAPGKEREFVAGIAGG-----GSTNYADSVK-GRFTISRDNAKNTVYLQMNSLKPEDTAVYYCAVGQGYRA----------VPYDYHGYWG-Q-GTQVTVSS
128806,Nb_8e0c83ac5eb4,1,1,0.7005897,QVQLQESGGGLVQAGGSLRLSCAASGNISSNYMGWYRQAPGKEREFVAAISRGATTNYADSVKGRFTISRDNAKNTVYLQMNSLKPEDTAVYYCAVTYPSTRHRYWGQGTQVTVSS,GNISSNY,ISRGATT,AVTYPSTRHRY,GNIS-----SNY,ISRG-----ATT,AVTYPS---------------TRHRY,QVQLQESGG-GLVQAGGSL-RLSCAASGNIS-----SNYMGWY-RQAPGKEREFVAAISRG-----ATTNYADSVK-GRFTISRDNAKNTVYLQMNSLKPEDTAVYYCAVTYPS---------------TRHRYWG-Q-GTQVTVSS
125691,Nb_a002e656a7a6,1,1,0.70042074,QVQLQESGGGLVQAGGSLRLSCAASGSIFYWTMGWYRQAPGKEREFVAAINPGSSTNYADSVKGRFTISRDNAKNTVYLQMNSLKPEDTAVYYCAARARKQAKLQYWGQGTQVTVSS,GSIFYWT,INPGSST,AARARKQAKLQY,GSIF-----YWT,INPG-----SST,AARARK--------------QAKLQY,QVQLQESGG-GLVQAGGSL-RLSCAASGSIF-----YWTMGWY-RQAPGKEREFVAAINPG-----SSTNYADSVK-GRFTISRDNAKNTVYLQMNSLKPEDTAVYYCAARARK--------------QAKLQYWG-Q-GTQVTVSS
